5.967,3.4,0.29,3.7,36.263,0.43438
6.096,2.6,0.27,3.46,34.538,0.42918
6.194,4.1,0.29,3.27,33.04,0.44148
6.321,3.5,0.32,3.81,21.097,0.37844
6.547,2.6,0.29,3.8,7.012,0.37569
6.745,6.5,0.32,3.72,10.304,0.47561
6.935,5.6,0.39,3.6,30.211,0.43502
6.987,2.3,0.42146,3.342,35.853,0.33647
6.899,5.6,0.44,3.25,36.797,0.36672
6.789,4.8,0.5,3.46,27.847,0.33074
6.766,6.1,0.62,3.46,13.247,0.27763
6.79,6.7,0.7,3.75,7.363,0.30306
6.8,11.5,0.77,4,17.353,0.36603
6.724,10.4,0.99747,4.3291,22.409,0.35417
6.733,8.7,1.27,4.9,24.228,0.40079
6.91,8.8,1.42,5.67,22.553,0.46938
6.769,10.3,1.49,5.99,15.243,0.59222
6.873,13.3,1.76,5.53,25.458,0.63605
6.828,13.2,1.9331,5.0687,43.155,0.60432
6.678,17.9,2.04,5.16,53.1,0.6518
6.651,14.4,2.11,5.69,57.871,0.66166
6.228,16.4,1.94,5.36,52.328,0.71099
6.005,15.4,2.09,5.56,42.74,0.77887
6.176,15.9,2.246,6.1369,34.747,0.76221
6.105,16.3,2.18,6.38,28.904,0.74098
5.973,14,1.93,6.16,26.778,0.78709
6.161,12.7,1.87,6.61,31.094,0.77057
6.188,14.9,1.65,6.33,29.599,0.71
6.24,12.5,1.84,6,30.828,0.74146
6.712,11.7,2.1316,5.7138,29.778,0.78024
6.746,12.7,2.14,5.57,32.361,0.78162
6.814,10.4,1.8,5.72,44.983,0.88995
6.868,8.1,1.67,5.87,53.176,0.93177
6.76,5.8,1.32,5.37,51.81,0.95243
6.614,4.2,1.09,5.4,40.82,0.92703
6.505,4,0.92,5.08,27.059,0.85993
6.466,4,0.93,5.35,14.067,1.0767
6.454,3.6,0.85,5.75,17.504,1.0567
6.328,1.6,0.76,5.41,24.432,0.88087
6.326,1.5,0.8,5.2,30.905,0.73477
6.261,1.9,0.80409,5.3575,24.806,0.73285
6.324,2.8,0.75,5.87,12.924,0.75142
6.271,3.4,0.71,6.43,17.714,0.93098
6.218,4.8,0.78,6.11,31.758,0.81004
6.16,4.3,0.71,5.76,38.425,0.78755
5.853,6.9,0.57,5.34,40.73,0.83768
5.622,8.1,0.63,4.32,28.79,0.89445
5.416,6,0.64,3.79,11.743,0.80692
5.388,6.7,0.66,4.05,13.316,0.83898
5.378,6.2,0.62,4.94,28.237,0.55733
5.545,9.4,0.68,5.25,31.395,0.63499
5.659,10,0.94602,5.3864,29.381,0.58166
5.766,10,1.2,5.56,22.843,0.67447
6.008,10.4,1.38,5.75,16.936,0.79751
6.214,12.3,1.89,5.81,24.897,0.9817
6.485,16.2,2.08,5.91,36.612,0.7839
6.445,16,2.58,6.36,56.387,0.88501
6.528,14.6,2.65,6.02,64.755,0.94235
6.531,13.4,2.35,5.67,53.668,0.9738
6.335,12.2,1.87,5.46,39.237,0.98544
6.429,12.6,1.73,5.48,31.162,0.91829
6.525,11.2,1.6,5.75,19.5,0.93413
6.277,9.7,1.4519,5.7086,17.978,0.89813
6.296,7,1.24,5.5,18.974,0.95782
6.326,4.8,0.98,5.41,20.002,0.92584
6.336,7.1,0.96,5.37,15.585,1.0325
6.427,7.1,1.0169,5.2009,11.132,1.0906
6.391,6.8,1.04,4.76,19.589,1.0435
6.402,9.6,1.01,4.29,32.021,0.97607
6.225,5.9,1.01,4.54,34.133,0.98245
6.063,5.6,0.95,4.06,34.535,0.8969
5.911,7.4,0.82,4.5,17.433,0.8463
5.836,5.4,0.75,4.19,8.473,0.89975
5.849,5.9,0.68434,4.0457,13.027,0.54581
5.908,5.3,0.65,4.23,24.718,0.53708
5.982,4.6,0.65,4.42,31.533,0.67243
6.096,3.9,0.54,4.35,30.28,0.73621
6.236,4.2,0.48,4.18,16.453,0.76267
6.394,6.9,0.57,4.04,5.936,0.81448
6.538,7,0.74,3.97,15.516,0.96584
6.641,7.2,0.91,3.97,33.794,0.73477
6.613,6.1,0.8,3.86,41.658,0.66269
6.504,5.4,0.79,3.69,34.998,0.71979
6.33,3.7,0.65,4.04,24.923,0.81846
6.248,2.3,0.63012,4.2417,11.188,0.85909
6.249,1.9,0.63,4.45,10.058,0.99288
6.219,2.4,0.53,4.71,21.354,0.90987
6.169,2.3,0.55,4.24,27.314,0.70656
6.155,1.3,0.49614,4.6323,27.397,0.67141
6.187,0.7,0.4,5.37,18.964,0.69564
6.2,2.7,0.35651,5.5311,8.728,0.7031
6.263,2.1,0.33,5.57,11.136,0.8189
6.279,3.3,0.29,5.65,22.882,0.8029
6.244,3.4,0.3,4.45,27.948,0.63711
6.077,6.1,0.28,3.66,29.114,0.61248
5.881,5.4,0.26773,3.599,21.394,0.67549
5.751,4.5,0.27,3.57,6.308,0.69465
5.735,3.6,0.28,3.2,12.233,0.76779
5.78,1.8,0.29,3.27,27.493,0.60432
5.883,2.8,0.25,3.21,31.863,0.60268
6.01,3,0.25,3.68,31.943,0.58501
6.155,2.7,0.24,4.11,22.22,0.62914
6.338,2.7,0.25,2.98,14.199,0.61788
6.543,3.3,0.31,3.19,4.875,0.6334
6.741,2.8,0.34,3.25,19.155,0.77473
6.869,2.8,0.3,3.38,33.407,0.62326
6.859,2.7,0.28061,3.7412,38.438,0.58277
6.759,2.9,0.26,4.22,31.261,0.62219
6.654,2.4,0.23,4.84,20.538,0.67702
6.637,1.4,0.28,5.77,7.547,0.69465
6.598,2.5,0.24,5.92,9.272,0.78527
6.565,2.3,0.25,5.23,19.763,0.7031
6.542,2.3,0.25,4.44,26.46,0.57774
6.558,3.2,0.26,4.3,23.11,0.5487
6.597,3.2,0.23,4.84,15.188,0.52117
6.627,3,0.23,4.29,4.413,0.49956
6.709,2.2,0.2,4.68,13.689,0.61788
6.754,1.8,0.17446,5.6348,27.541,0.59939
6.678,1.7,0.16,6.34,29.443,0.53063
6.537,1.2,0.15,6.18,25.544,0.55389
6.384,1.1,0.15,5.42,18.598,0.59498
6.315,2.3,0.15,5.64,6.482,0.62111
6.344,1.7,0.16,5.18,9.635,0.72851
6.4,1.7,0.22,4.96,22.684,0.5783
6.475,2.6,0.21,4.03,30.006,0.51581
6.579,2.8,0.22,4,31.018,0.48304
6.71,3,0.22,4.34,20.513,0.41078
6.877,4.2,0.23,4.04,6.319,0.37844
7.046,4.6,0.3168,3.5796,10.003,0.50561
7.175,4.4,0.4,3.21,28.211,0.50138
7.197,6.8,0.48,3.1,36.054,0.45426
7.069,10,0.86,3.42,39.257,0.58277
6.966,14.3,1.31,3.73,36.386,0.74194
6.84,14.4,1.65,4.78,29.84,0.75377
6.673,15.1,1.65,5.25,25.284,0.82899
6.745,13.4,1.73,5.28,24.853,0.97607
6.641,13.8,1.86,6,24.205,0.96736
6.522,15.7,1.83,6.27,24.344,0.95359
6.724,15,1.9399,6.3993,32.153,0.90503
6.88,18.4,2.1821,6.5699,32.899,0.85909
6.874,16.3,2.43,6.78,35.181,0.9404
6.795,16.3,2.57,6.86,48.321,0.99953
6.877,15.5,2.59,6.35,55.694,1.0835
6.888,16.4,2.611,5.9654,64.643,1.1638
6.783,15.4,2.49,6.09,55.22,1.0882
6.428,14,2.17,6.45,45.601,0.95243
6.397,14.2,2.13,5.93,39.324,0.83595
6.428,14.5,2.24,6.07,30.466,0.80245
6.391,12.4,1.88,5.94,29.379,0.80781
6.494,14.1,2.41,6.79,29.664,0.79931
6.382,13.5,2.6821,6.7614,35.363,0.70951
6.679,14.6,2.36,6.21,25.413,0.67192
6.674,6.8,1.87,5.97,28.013,0.72076
6.688,8.7,2.19,5.55,41.156,0.83291
6.733,12,2.15,5.19,52.609,0.93216
6.538,12.4,1.91,5.28,50.179,0.93177
6.542,12.9,1.85,5.02,50.184,0.85271
6.261,17.1,1.8601,4.9168,46.754,0.83465
6.195,15.1,1.83,5.18,41.548,0.88542
5.873,15.1,1.76,5.73,32.543,0.91869
5.931,14,1.81,6,25.468,0.93727
5.766,13.7,1.7303,5.4334,24.745,0.92386
5.76,13.4,1.81,5.59,31.428,0.91829
5.774,13,2.16,6.96,45.568,0.91268
5.698,13.8,2.02,6.18,40.621,0.92505
5.435,10.5,2.01,6.45,37.833,0.97945
5.61,8.8,1.82,5.72,39.601,1.0094
5.53,9,1.85,5.56,52.256,0.98395
5.523,7.6,1.96,5.18,46.408,0.89486
5.433,3.7,1.67,5.25,48.853,0.78116
5.252,3.5,1.57,5.29,43.711,0.74241
5.183,5.6,1.22,4.94,31.848,0.72803
5.099,6.5,0.9,5.23,18.031,0.73189
5.17,7.6,0.96,4.72,12.471,0.72755
5.151,4,0.86,4.63,16.289,0.72173
5.277,4.6,0.77053,4.6139,19.968,0.67498
5.399,3.9,0.736,4.5301,19.509,0.61735
5.484,1.8,0.7,4.47,15.996,0.72561
5.599,3.1,0.62,4.55,8.556,0.76034
5.716,3.6,0.54,4.63,10.798,0.84715
5.724,3.3,0.56,3.87,19.583,0.6632
5.704,3.6,0.54,3.56,28.99,0.47933
5.63,4.3,0.48,3.94,30.161,0.48243
5.53,5,0.41,3.97,19.816,0.39609
5.51,5.4,0.33,4.64,9.101,0.46436
5.524,5,0.29,5.61,8.369,0.72028
5.517,4.7,0.26131,5.9864,18.237,0.53357
5.581,3.6,0.24024,5.8548,31.683,0.39609
5.645,4.3,0.23655,5.5658,25.594,0.58556
5.774,4.7,0.26,5.47,17.715,0.7664
5.939,4.4,0.3,5.67,8.133,0.79118
6.085,5.3,0.3,5.61,7.423,0.85866
6.221,5,0.3,5.22,17.152,0.98058
6.284,4.7,0.29,3.99,22.053,0.65856
6.255,3.5,0.28,4.77,30.525,0.40413
6.193,3,0.26,4.43,23.693,0.38458
6.169,3.4,0.23,4.98,15.055,0.40813
6.199,5.5,0.24,4.24,4.018,0.45995
6.256,5.6,0.2455,4.4544,10.613,0.59167
6.3,5.4,0.25,4.55,19.836,0.39878
6.364,7,0.26,3.6,25.233,0.3688
6.454,5.7,0.24,4.26,22.645,0.36256
6.575,5,0.23,3.72,12.188,0.37432
6.66,6.9,0.22481,4.403,4.473,0.41211
6.734,5.1,0.22,5.05,12.803,0.55331
6.746,5.4,0.22,4.5,24.868,0.42788
6.645,4.6,0.24,5.59,30.471,0.32208
6.52,7,0.28,5.2,31.373,0.30822
6.37,6,0.32,4.65,23.628,0.27384
6.329,4.6,0.32022,5.1571,8.423,0.24216
6.333,4.3,0.3,5.69,8.903,0.46436
6.364,4.6,0.3,5.05,22.725,0.32208
6.418,5.3,0.35,3.82,27.779,0.27687
6.48,4.3,0.38,3.87,23.906,0.32786
6.61,5.1,0.37,3.54,18.189,0.32208
6.767,4.9,0.42,3.38,7.878,0.29491
6.953,4.1,0.46,3.93,8.378,0.36256
7.118,4.4,0.45,4.08,21.853,0.37018
7.117,3.3,0.41,3.79,31.758,0.24842
7.036,5.1,0.42,4.16,34.719,0.23349
6.988,5.7,0.44045,3.8674,24.807,0.21994
6.909,7.7,0.46,3.78,16.997,0.15272
6.94,7.8,0.49,4.67,7.429,0.16974
6.967,8.2,0.53,4.74,10.588,0.28367
6.984,11.3,0.49,4.68,18.31,0.22793
6.985,11.7,0.41,4.75,23.952,0.25542
7.049,13.1,0.36,4.67,19.632,0.24764
7.112,13.9,0.38,4.88,9.279,0.22474
7.146,10.1,0.49,4.18,7.107,0.29192
7.19,10.8,0.76,3.7,20.844,0.3257
7.164,11.2,0.93,3.8,33.518,0.20212
6.961,11.5,1.1447,4.5503,33.656,0.22474
6.768,13.3,1.31,4.97,34.025,0.3001
6.612,15.2,1.36,4.55,26.636,0.37018
6.559,13,1.563,5.0101,19.803,0.47686
6.579,12.2,1.61,5.56,28.598,0.66166
6.545,11.8,1.36,5.38,21.243,0.58166
6.552,11.8,1.62,5.71,28.823,0.44212
6.745,13.1,1.9,5.65,28.967,0.49164
6.731,10.6,1.84,6.8,21.858,0.52295
6.827,10.8,1.97,5.86,30.894,0.54754
6.967,9,2.05,5.64,30.355,0.55561
7.204,8.6,1.86,5.41,37.936,0.59056
7.084,7,2.0734,5.6273,49.037,0.67447
6.998,6.3,2.16,5.89,61.207,0.78755
6.852,5.1,1.75,5.81,44.312,0.91509
6.783,5.7,1.86,5.98,39.842,0.88294
6.764,6.4,1.61,5.38,27.08,0.92782
6.647,7.3,1.59,5.47,22.593,0.92267
6.648,6.2,1.44,5.7,22.648,0.94624
6.732,5.9,1.38,5.71,23.457,0.91869
6.597,6.6,1.31,5.2,20.035,0.85824
6.62,8.9,1.37,5.97,21.858,0.88004
6.638,6.5,1.2792,6.2629,20.086,1.196
6.534,6.7,1.12,5.75,26.613,1.0239
6.409,10.5,1.07,5.01,41.513,0.92068
6.176,11.6,1.05,4.98,51.744,0.92426
5.851,10.2,0.81,4.9,42.858,0.81934
5.614,11.4,0.80332,4.6299,35.393,0.82286
5.411,11.4,0.87,4.43,17.684,0.79706
5.361,11.2,0.79,4.5,14.691,0.8096
5.343,11.6,0.84,4.7,25.132,0.59664
5.427,13.9,0.96623,4.8896,32.428,0.60322
5.555,11.1,1.1195,5.0408,33.877,0.67803
5.673,10.2,1.2843,5.1494,24.388,0.7154
5.851,9.1,1.4452,5.2113,19.454,0.76779
5.998,10.4,1.5867,5.2224,30.208,0.91027
6.151,10.8,1.6934,5.1787,29.657,0.80871
6.288,10.3,1.7496,5.0759,46.828,0.80781
6.301,9.6,1.74,4.91,64.558,0.85697
6.266,10.1,1.69,4.85,51.417,0.93059
6.262,7.3,1.69,5.27,38.279,0.95973
6.283,3.6,1.5665,5.2351,27.528,0.89364
6.328,4.3,1.41,5.19,20.406,0.84887
6.338,5.9,1.37,5.65,18.768,0.95089
6.39,5.7,1.44,5.8161,21.013,0.88087
6.349,6.1,1.46,5.57,20.849,0.95127
6.264,6.1,1.3124,5.1159,24.241,0.93962
6.273,9,1.17,4.87,20.256,1.0505
6.283,10.4,1.21,4.9,32.277,0.83638
6.19,7.7,1.24,4.41,40.16,0.82505
5.973,7.9,0.92,4.47,37.986,0.84027
5.732,8.5,0.81775,4.4274,32.704,0.81492
5.507,8.2,0.87,4.35,18.958,0.82986
5.487,7,0.84774,4.5387,14.413,0.95282
5.524,6.2,0.8,4.8,22.479,0.8211
5.603,8.6,0.81,4.87,33.243,0.76593
5.75,5.8,0.85,4.93,34.194,0.73621
5.857,8.3,0.94,5.45,30.455,0.72996
6.005,5.6,1,5.14,17.868,0.74527
6.17,4.8,1.02,4.88,15.758,0.84972
6.362,4.8,1.1,4.86,16.337,0.8969
6.447,5.1,1.25,4.52,31.923,0.76686
6.491,4.7,1.23,4.54,34.727,0.76314
6.274,4.8,1.19,4.37,38.233,0.76127
6.202,2.6,0.99,4.14,29.574,0.66629
6.131,1.6,0.86,4.12,11.714,0.65076
6.156,3.6,0.76,4.46,12.072,0.77932
6.178,3.1,0.72,4.71,17.022,0.76361
6.147,3,0.68,4.83,25.339,0.74669
6.15,3.9,0.58,4.52,25.384,0.74098
6.15,4.3,0.54905,4.6994,20.208,0.72319
6.12,3.3,0.51,4.81,7.087,0.72028
6.098,4.2,0.42,4.23,15.184,0.82242
6.064,2.9,0.46,3.76,27.01,0.7715
5.945,5.7,0.36,3.64,34.662,0.64763
5.73,3.1,0.3,4.17,33.928,0.65959
5.498,3.2,0.22,4.67,22.308,0.56758
5.344,3.6,0.19,4.65,7.862,0.61681
5.348,3.7,0.18,4.36,17.173,0.70951
5.445,2.9,0.16,4.65,30.812,0.69315
5.606,6.7,0.18,4.01,36.021,0.67803
5.751,3.9,0.18,3.89,32.443,0.6141
5.912,5,0.22,3.06,27.833,0.70062
6.123,4.6,0.2,3.68,15.174,0.75377
6.358,4.4,0.21,4.18,4.455,0.77288
6.574,4.4,0.28,3.84,20.55,0.89077
6.728,2.7,0.28,4.03,34.223,0.74716
6.755,2.8,0.31,4,44.166,0.66834
6.683,3.5,0.28,3.62,34.658,0.61085
6.634,3.4,0.27,4.19,19.293,0.54928
6.691,4,0.26,4.33,5.751,0.5038
6.712,5.1,0.24,4.33,12.623,0.57886
6.66,6.9,0.2286,4.1792,24.914,0.58834
6.649,7.1,0.21,4.15,29.167,0.61194
6.671,7.7,0.18,4.38,24.608,0.60541
6.669,10.7,0.19,4.5,13.249,0.63763
6.661,11.1,0.2,5.07,7.059,0.66988
6.665,9.6,0.2,4.29,25.461,0.69963
6.592,9.6,0.2,5.16,35.463,0.6141
6.413,9.4,0.17,5.72,37.228,0.5579
6.125,9.5,0.19,4.81,27.751,0.52827
5.903,9.1,0.17,4.63,16.898,0.44212
5.839,7.2,0.16,4.82,5.613,0.46813
5.886,5.3,0.17,4.61,22.783,0.52058
5.997,4.7,0.19,4.98,33.468,0.55216
6.18,3,0.19,4.27,38.366,0.56531
6.372,2.6,0.38,3.3,33.871,0.56304
6.563,2.4,0.65,3.75,24.771,0.64658
6.829,2.6,0.96,4.28,14.916,0.71833
7.129,4.3,1.3637,5.1028,22.26,0.87505
7.459,3.2,1.69,5.83,29.783,0.86036
7.346,3.9,1.83,6.09,51.783,0.92901
7.235,7,2.04,6.54,65.929,0.93216
7.269,3,2.18,6.85,54.987,0.89813
6.984,6.6,2.15,7.01,45.608,0.73285
7.159,5.9,2.04,7.35,29.146,0.72561
7.12,4.4,1.92,6.65,30.287,0.82198
7.035,5.7,1.79,6.85,32.848,0.73429
6.82,3.5,1.68,6.44,42.751,0.74527
6.845,5.8,1.54,6.12,39.602,0.81802
6.835,4.2,1.39,6.54,27.198,0.84243
6.608,1.8,1.26,6.17,19.193,1.0221
6.761,1.8,1.11,6.93,25.858,1.0278
6.603,1.8,0.96,6.95,37.828,0.93138
6.312,1,0.86,7.54,52.368,0.94663
5.971,1.4,0.77,6.5,39.36,0.8211
5.803,1.7,0.63,7.02,26.277,0.56418
5.662,2.1,0.59,6.32,8.912,0.94196
5.635,2.3,0.58,6.16,21.268,0.40279
5.676,2.3,0.54,5.82,38.369,0.50983
5.853,2.4,0.49,4.92,41.833,0.78937
5.945,3.4,0.53,4.48,35.697,0.77473
5.996,2.6,0.61,4.7,20.203,0.80558
6.116,2.4,0.69,4.47,7.998,0.89445
6.366,2.1,0.86,4.6,16.899,0.96546
6.481,1.9,1,4.4,34.704,0.82593
6.56,2.5,1.01,4.33,39.847,0.73141
6.406,3.3,0.83,3.98,43.762,0.61896
6.303,3.2,0.82,4.31,29.658,0.71
6.277,2.8,0.65,4.15,14.32,0.78299
6.307,3.7,0.65,4.48,10.715,0.842
6.298,1.7,0.67,4.59,22.082,0.71638
6.287,2.3,0.63,4.49,32.62,0.54754
6.3,1.7,0.59,4.2,31.227,0.67039
6.343,1.3,0.5,4.33,19.668,0.72513
6.33,1.6,0.46,4.56,7.133,0.73285
6.346,2.5,0.38,4.66,17.211,0.8268
6.399,5,0.3773,4.5349,32.208,0.74858
6.268,2.2,0.43,4.88,39.161,0.56815
6.03,2.3,0.47,5.9,34.482,0.60595
5.744,2.4,0.47,5.88,22.818,0.66988
5.645,3.5,0.42,5.5,10.201,0.69813
5.614,3.5,0.37,4.96,14.503,0.79615
5.722,3.4,0.38,5.06,36.328,0.65804
5.844,3.7,0.37,5.23,41.963,0.61519
5.998,4.1,0.36,4.71,42.915,0.67192
6.133,4.2,0.31,5.13,29.95,0.66988
6.307,4,0.3,5.51,15.033,0.74336
6.52,2,0.28,5.12,6.095,0.79706
6.753,0.6,0.25,5.36,22.604,0.86584
6.903,2.9,0.23,5.88,38.978,0.68914
6.903,2.9,0.22,5.01,40.791,0.54928
6.745,3.3,0.2,4.49,36.661,0.49956
6.656,2.7,0.19,4.59,23.173,0.48551
6.661,5.4,0.22,5.9,6.332,0.44916
6.699,5.3,0.2,5.13,13.114,0.50078
6.669,5.9,0.19,4.22,27.069,0.48181
6.652,3.9,0.21,4.54,32.174,0.52177
6.665,4.4,0.18,3.99,28.288,0.57041
6.67,4.5,0.2,3.91,15.679,0.57718
6.697,3.2,0.19,4.91,5.778,0.56645
6.723,3.4,0.16,4.58,22.248,0.66578
6.717,4.5,0.14,4.21,34.928,0.54291
6.556,4.8,0.18,4.03,33.013,0.43632
6.287,4.7,0.15,4.39,29.758,0.42068
6.031,6.7,0.16,5.39,19.523,0.42068
5.922,5.4,0.15,4.9,5.766,0.42068
5.924,5.9,0.13,5.65,20.803,0.47188
6.001,7.3,0.14,4.61,35.439,0.45806
6.114,4.7,0.17,3.44,45.513,0.55331
6.245,4.4,0.19,3.61,40.543,0.56928
6.36,6.3,0.18,3.7,26.689,0.58501
6.529,4.2,0.16,3.91,10.343,0.63763
6.752,4.7,0.14,4.4,7.662,0.7105
6.95,5.8,0.13,5.03,26.588,0.69064
7.035,4.2,0.13,5.14,38.615,0.53941
6.933,4.8,0.15,4.79,41.085,0.48858
6.764,4.5,0.15,4.98,33.579,0.40213
6.677,4.5,0.18,4.58,17.641,0.34854
6.671,5.2,0.25,3.95,4.471,0.30454
6.66,3.7,0.2,3.61,17.168,0.37363
6.604,4.5,0.2,4.24,25.79,0.38186
6.581,2.9,0.18,4.95,33.588,0.50802
6.6,3,0.19,5.01,24.668,0.52768
6.601,2.6,0.19518,4.4842,16.482,0.52177
6.633,2.6,0.18838,3.8219,6.172,0.51103
6.665,3.3,0.18,3.53,22.565,0.60432
6.658,4.6,0.18,3.75,31.921,0.47995
6.493,6.6,0.19,3.82,33.436,0.37981
6.225,4.7,0.19,4.39,26.523,0.317
6.018,4.9,0.19,3.96,15.153,0.26082
5.93,5.7,0.23,3.65,6.435,0.22154
5.951,6.9,0.24,3.71,25.376,0.27687
6.025,5.3,0.25,3.79,41.245,0.40746
6.14,5.6,0.28,3.98,42.764,0.5038
6.257,5.6,0.29,4.19,39.267,0.49774
6.37,4.8,0.3,3.89,25.946,0.52591
6.533,5,0.35,4.06,8.334,0.52768
6.726,6.4,0.35,3.81,11.3,0.63869
6.882,3.8,0.38,3.83,25.508,0.59829
6.912,6.6,0.49,3.24,38.287,0.48674
6.762,7.9,0.47,3.55,36.405,0.44725
6.517,7,0.42,3.56,22.12,0.33504
6.406,6.7,0.38,3.76,5.639,0.27308
6.393,6.4,0.35,3.62,7.178,0.27839
6.39,6.4,0.33,3.97,19.142,0.36325
6.354,6.2,0.29,3.64,27.868,0.36464
6.35,5.1,0.28,4.27,27.944,0.48612
6.397,4.9,0.27,4.19,25.279,0.47063
6.414,4.5,0.24937,4.0029,12.657,0.45616
6.471,4,0.25,3.98,4.107,0.47063
6.535,3.4,0.28,3.99,5.963,0.5318
6.521,4.4,0.26,3.79,12.012,0.39743
6.374,4.3,0.22,3.68,13.415,0.3257
6.139,3.5,0.18,3.76,10.597,0.25697
5.948,2.9,0.19,3.68,6.672,0.21026
5.889,2.2,0.2,3.75,5.398,0.18232
5.903,4,0.21,3.41,19.648,0.24295
5.99,3.5,0.22,3.52,31.052,0.36949
6.098,2.1,0.28,3.8,28.917,0.46185
6.202,2.2,0.31,3.86,27.765,0.43632
6.325,4.9,0.36,4.19,16.797,0.44725
6.472,8.5,0.37,3.43,5.812,0.44852
6.636,3.2,0.34,3.21,7.795,0.56133
6.778,2.8,0.43,3.05,9.976,0.47188
6.754,3.3,0.53675,3.2382,15.031,0.42331
6.587,4.2,0.57,3.26,15.102,0.35767
6.397,6.6,0.5,3.04,12.092,0.28893
6.263,6.6,0.42,4.05,5.458,0.22873
6.245,8.8,0.37,3.88,7.636,0.2492
6.207,8.6,0.34,4.02,22.486,0.28141
6.164,9,0.34,5,30.396,0.35206
6.193,10,0.32,4.87,29.158,0.42723
6.229,8.8,0.31,4.96,23.481,0.39676
6.295,8.7,0.2807,4.8169,13.296,0.38117
6.369,10.7,0.25,4.5,5.136,0.38798
6.465,9.3,0.23,4.53,7.863,0.49956
6.496,9,0.18,5.14,11.471,0.3873
6.404,8.8,0.17,4.88,14.161,0.3038
6.235,6.8,0.16,5.89,10.261,0.22474
6.113,7.1,0.16,7.28,5.543,0.18149
6.091,3.4,0.13,6.97,5.152,0.17227
6.161,15.5,0.15,9.05,15.686,0.26005
6.252,16.4,0.18,7.32,26.397,0.26313
6.34,15.6,0.1477,6.3427,26.773,0.37225
6.452,16.4,0.14,5.79,26.294,0.34004
6.565,18.1,0.21,4.15,16.104,0.33074
6.731,15.8,0.2,3.56,4.823,0.3293
6.89,15.9,0.2,3.76,7.923,0.45108
7.007,14.3,0.25,3.69,9.493,0.39945
6.955,13.5,0.41,3.61,15.184,0.35417
6.77,13.2,0.56,4.36,15.331,0.29267
6.587,13.5,0.87,4.65,11.92,0.25076
6.482,15.7,1.14,5.46,17.693,0.39474
6.363,13.7,1.3656,5.6838,17.655,0.49835
6.293,15.2,1.41,5.31,21.913,0.51222
6.434,14,1.23,4.9,37.443,0.48981
6.332,14.6,1.229,5.0079,37.94,0.54232
6.41,15.9,1.32,5.04,34.849,0.52532
6.545,15.1,1.36,4.84,24.859,0.57886
6.656,13.8,1.48,5.79,15.44,0.59111
6.824,13.7,1.44,5.69,19.543,0.73764
6.823,14.1,1.28,5.73,17.974,0.61248
6.771,15.6,1.18,5.55,20.63,0.59939
6.672,15.9,1.09,5.22,20.189,0.59056
6.533,15.1,0.97654,5.0077,17.849,0.47375
6.586,15,1.08,4.85,13.559,0.37981
6.703,13.5,1.59,4.91,18.433,0.47437
6.598,12.8,2.15,5.93,21.878,0.65128
6.741,12.7,2.28,6.61,33.568,0.65752
6.902,11.5,2.33,6.44,30.923,0.64343
6.998,12.2,2.18,6.48,24.303,0.62754
6.989,10.7,2.1789,6.3077,42.398,0.58389
6.935,11.2,2.35,5.97,39.683,0.67243
7.166,9.8,2.5679,5.7433,29.727,0.67956
6.978,8.7,2.65,5.8,42.873,0.79163
6.726,6.9,2.4708,6.1254,41.869,0.892
6.65,5.4,2.19,6.06,34.118,0.88954
6.331,5,2.04,5.46,27.326,0.85229
6.146,2.9,2.07,5.75,28.786,0.78755
6.017,1.4,1.85,5.51,27.529,0.73381
5.861,2.8,1.7248,5.7492,25.764,0.75518
5.907,3.9,1.75,6.16,27.369,0.69714
5.903,3,1.83,6.14,23.323,0.70656
5.964,3.4,1.85,5.98,26.268,0.68864
5.967,2.8,1.8,5.52,24.216,0.63287
6.025,2.5,1.77,5.47,27.033,0.69664
6.114,1.7,1.7448,5.5113,28.179,0.76779
6.198,6.7,1.7142,5.5083,45.532,0.85909
6.108,5.6,1.6786,5.4687,38.266,0.97116
5.83,7.3,1.6379,5.4003,35.28,0.91228
5.809,10.7,1.5926,5.3105,31.08,0.8096
5.656,9.7,1.5427,5.2072,24.319,0.758
5.709,10.1,1.4885,5.0978,25.423,0.72707
5.749,13.9,1.4301,4.9902,23.683,0.76965
5.745,10.3,1.3677,4.8919,21.193,0.7957
5.726,8.4,1.3015,4.8105,22.546,0.76779
5.686,6.3,1.2318,4.7539,20.137,0.69315
5.64,6.5,1.1587,4.7295,19.948,0.71491
5.595,4.8,1.0825,4.745,19.267,0.7105
5.421,5.8,1.0032,4.8082,20.535,0.78709
5.357,2.4,0.92109,4.9266,19.612,0.86542
5.145,2.1,0.83641,5.108,22.031,0.87171
5.022,4.1,0.74931,5.3599,16.618,0.77841
4.923,4.6,0.66,5.69,10.098,0.87838
4.954,4.4,0.56922,5.9928,14.736,0.83421
5.01,4.1,0.48,5.71,23.591,0.74241
5.141,4.6,0.41,4.71,28.927,0.74384
5.29,4.4,0.39,4.38,26.35,0.70754
5.455,3,0.34,4.24,19.513,0.63446
5.633,2.7,0.32,3.92,10.466,0.55561
5.827,3.8,0.38317,3.6501,3.221,0.62111
5.997,3.7,0.51224,3.4958,10.185,0.71686
6.13,4.1,0.67484,3.4488,11.408,0.61194
6.148,5.7,0.83858,3.501,14.477,0.61627
6.154,4.5,0.97109,3.6441,10.163,0.63552
6.212,4.7,1.04,3.87,9.992,0.59993
6.282,7.9,1.07,4.25,13.046,0.63021
6.362,5.4,1.2301,4.9685,20.458,0.66783
6.38,5.7,1.41,5.47,25.693,0.72996
6.537,5.1,1.44,5.45,31.552,0.74669
6.619,4.4,1.3,5.79,28.87,0.66578
6.661,2.7,1.1527,5.7019,17.317,0.64448
6.704,3.5,1.01,5.47,11.746,0.73716
6.758,3.4,0.85901,5.6359,16.768,0.8096
6.72,2.8,0.79,6.06,16.268,0.80245
6.582,3.8,0.82,6.31,16.983,0.82505
6.208,4.5,0.72,6.01,14.905,0.81934
6.044,3.6,0.67,6.23,14.518,0.58222
5.997,6.6,0.64953,6.363,9.883,0.71491
6.003,4,0.63,6.17,14.218,0.68964
5.984,4.9,0.6,5.75,26.996,0.49103
6.097,4,0.56,5.62,31.239,0.59001
6.179,6.1,0.55,5.98,29.602,0.5487
6.249,5.7,0.46,5.55,22.138,0.50862
6.429,4.9,0.43187,5.5392,10.25,0.46185
6.551,4.4,0.43,5.51,7.193,0.53941
6.676,5.4,0.4,4.83,12.648,0.65596
6.728,4.9,0.42,4.41,13.89,0.56702
6.617,3.7,0.41,4.38,13.487,0.51222
6.446,3.6,0.42,4.04,8.439,0.47375
6.34,1.5,0.41,3.45,5.148,0.51222
6.308,0.9,0.4,3.47,5.611,0.5176
6.305,0.8,0.34,3.24,15.603,0.51998
6.329,1.5,0.39,3.29,26.693,0.46499
6.312,1.2,0.33,3.72,25.497,0.52591
6.352,1.4,0.28,3.59,24.138,0.46248
6.363,1.6,0.28,4.67,11.222,0.4434
6.427,1.2,0.27,4.5,4.735,0.47623
6.449,2.3,0.26,5.08,7.405,0.59388
6.445,3.1,0.23,4.9,10.614,0.51043
6.314,3.7,0.21,5.43,14.454,0.43048
6.112,3.6,0.22,4.68,12.899,0.43761
5.917,2.5,0.25,4.96,6.838,0.5038
5.828,2.7,0.27461,5.4452,4.679,0.5038
5.852,2.9,0.28915,5.7259,15.685,0.54523
5.937,2.8,0.29519,5.8353,28.639,0.49409
6.076,3.8,0.29429,5.8066,30.07,0.52177
6.188,3.7,0.28798,5.673,28.639,0.46436
6.314,3.7,0.27784,5.4677,20.572,0.47686
6.476,4.2,0.26542,5.2238,8.008,0.45995
6.735,4.2,0.25226,4.9746,5.34,0.57324
6.958,3.3,0.23993,4.7532,9.32,0.56418
7.045,7.3,0.22999,4.5929,12.804,0.44533
7,3.2,0.22398,4.5268,17.23,0.40413
6.904,1.6,0.22347,4.5881,12.328,0.34359
6.897,2.5,0.23,4.81,5.238,0.30822
6.937,2.4,0.23,4.9,4.403,0.29267
6.928,1.6,0.19,4.64,13.543,0.36949
6.859,2,0.2,5.9,25.007,0.39339
6.861,2.5,0.24,4.16,25.84,0.37569
6.859,2.4,0.17,5.53,19.517,0.39676
6.846,2,0.17,5.37,8.356,0.33719
6.823,2.3,0.15,6.18,4.301,0.40946
6.772,3.2,0.15,6.03,9.518,0.46562
6.629,6.2,0.19,5.44,15.491,0.36603
6.382,6.9,0.17,4.84,14.641,0.34854
6.085,7.1,0.15951,5.1319,11.297,0.33576
5.857,13.4,0.17,5.43,6.938,0.35417
5.742,10.1,0.1869,4.8073,8.158,0.40746
5.736,9.2,0.21,4.32,21.521,0.40547
5.847,9.3,0.23,4.52,31.705,0.40213
5.989,8.3,0.22,3.58,31.642,0.38662
6.084,9,0.23,3.65,28.887,0.43243
6.172,7.5,0.23,3.37,18.368,0.43438
6.359,6.8,0.29,3.22,6.064,0.42461
6.608,12.7,0.26,3.53,7.411,0.54116
6.799,11.9,0.26,3.92,10.974,0.46813
6.861,11.8,0.24925,4.5499,12.935,0.34217
6.801,11.5,0.23,4.9,16.944,0.34359
6.707,12.1,0.22743,4.593,11.914,0.33218
6.723,11.5,0.24,4.74,4.542,0.28292
6.748,10.3,0.26,5.52,7.124,0.32063
6.765,9,0.27,4.49,18.713,0.39204
6.749,8.1,0.24,5.37,26.509,0.35487
6.748,5.4,0.23,4.99,26.114,0.34075
6.755,4.6,0.22,5.04,18.063,0.31408
6.789,4.3,0.2091,5.6317,4.063,0.29267
6.844,2.8,0.21,5.46,5.124,0.37087
6.846,2.8,0.24,4,11.616,0.36047
6.742,2.9,0.32,3.39,13.733,0.27763
6.67,1.7,0.46527,3.209,11.881,0.24373
6.497,0.8,0.86,3.72,12.269,0.28668
6.368,4.5,1.45,4.93,18.566,0.51879
6.34,4.7,1.52,5.35,29.74,0.60377
6.272,5.5,1.68,6.32,35.058,0.62647
6.63,3,1.97,6.6,50.703,0.61681
6.628,3.4,2.36,7.31,46.957,0.66578
6.669,3.9,2.22,7.47,45.173,0.67854
7.056,3.5,1.98,7.67,31.283,0.70409
7.025,4.2,1.94,7.01,29.588,0.77519
7.208,4.1,2.18,7.06,34.478,0.87838
7.475,4.5,2.1975,7.0066,37.173,0.82066
6.903,5.2,2.03,6.59,56.598,0.82374
6.9,5.6,1.94,6.17,63.166,0.81182
6.751,3.4,2.04,6.27,32.586,0.74905
6.507,3.4,1.71,5.77,28.072,0.56019
6.664,4.9,1.53,6.35,24.08,0.54523
6.458,1.8,1.28,5.87,21.408,0.56985
6.421,4.5,1.21,6.07,28.526,0.59443
6.346,6,1.18,6.26,29.37,0.69265
6.234,5.3,1,6.48,24.928,0.80245
6.245,5.9,0.95,6.54,14.178,0.85527
6.267,4.7,0.87,6.24,18.863,0.95705
6.158,4.7,0.78,6.31,16.261,0.78253
5.985,4,0.7,5.74,18.984,0.78573
5.691,3.6,0.7,5.91,19.508,0.71197
5.354,2.3,0.58,6.31,15.306,0.65804
5.128,1.8,0.46,5.14,11.175,0.65493
5.045,2.6,0.43,5.32,13.518,0.57324
5.055,1.6,0.38,5.78,24.863,0.35837
5.147,2.9,0.33,5.41,30.9,0.54754
5.274,3.1,0.33,6.02,29.098,0.65907
5.347,2.8,0.33,4.72,21.418,0.73429
5.487,2.8,0.32,4.56,10.838,0.676
5.684,3,0.31,4.11,3.705,0.7261
5.925,3.8,0.39,3.38,10.628,0.788
6.078,3.5,0.49,3.25,10.371,0.60268
6.12,2.1,0.46171,3.1051,16.884,0.48612
6.115,2.5,0.42,3.39,13.649,0.49103
6.14,3.6,0.45,4.18,6.977,0.5032
6.23,2.6,0.38,3.8,5.824,0.5265
6.275,3.2,0.39,3.93,13.33,0.51402
6.289,3.8,0.37,3.68,24.639,0.44019
6.334,4.2,0.57,3.21,25.533,0.45426
6.39,3.7,0.71,4.22,21.709,0.57211
6.424,2.4,0.91,5.28,16.599,0.6518
6.499,2.7,1.02,5.62,14.508,0.81802
6.545,1.6,1.11,5.98,21.816,0.69465
6.608,3.1,1.0958,5.994,18.026,0.60704
6.342,3,0.98569,5.8816,19.833,0.65545
6.042,2,0.83,6.12,20.11,0.70508
5.896,3.2,0.69,6.7,16.448,0.67854
5.843,3.5,0.64,6.34,12.789,0.92346
5.893,5.3,0.64,5.79,20.742,0.63446
5.952,4.8,0.63,5.61,30.433,0.44148
6.106,3.6,0.64,5.66,32.78,0.56304
6.187,3.2,0.64,5.97,25.578,0.70112
6.253,4,0.59,6.08,15.928,0.58054
6.421,3.2,0.65,6.61,10.668,0.62594
6.645,3,0.60363,5.612,15.118,0.7154
6.791,2.2,0.52,4.94,15.117,0.62272
6.728,2.6,0.51,6.05,16.269,0.49225
6.546,4.1,0.47,5.85,14.057,0.48797
6.413,4,0.42,5.84,11.171,0.50742
6.376,4.3,0.41,4.77,7.303,0.52177
6.373,5,0.41,4.89,9.412,0.60704
6.34,7.2,0.35,4.91,21.134,0.50802
6.292,5.7,0.3,4.7,29.218,0.45995
6.298,5.1,0.28,4.3,24.112,0.49042
6.285,3.1,0.3,5.23,21.168,0.53532
6.265,2.2,0.28427,5.5048,4.748,0.53649
6.294,2.3,0.26,4.85,6.748,0.61139
6.325,1.2,0.26,4.1,10.512,0.49592
6.218,2.9,0.22968,4.76,14.617,0.38049
5.983,3.6,0.19,5.5,14.777,0.38934
5.757,4.4,0.17,5.07,8.021,0.41871
5.639,5.4,0.15,4.98,4.562,0.39743
5.655,2.6,0.16,4.74,15.248,0.45235
5.736,3.6,0.17,4.28,27.093,0.40079
5.875,2.9,0.17,4.71,31.148,0.45552
5.996,5.8,0.16,4.66,30.101,0.48612
6.107,5.1,0.16836,4.5798,19.231,0.53239
6.27,6.9,0.18,4.38,11.473,0.53649
6.467,5.4,0.18,3.95,3.193,0.59498
6.665,6.5,0.2,3.85,8.127,0.61519
6.773,5.4,0.23,3.46,12.526,0.42527
6.715,5.7,0.21,3.78,16.4,0.41078
6.588,4.7,0.2,3.86,16.005,0.34075
6.544,5.5,0.23,3.47,6.253,0.26467
6.567,6.6,0.28,3.69,3.979,0.23111
6.565,6.4,0.35,3.03,14.324,0.29788
6.533,7.9,0.44,3.29,27.682,0.32136
6.545,7.9,0.50138,3.8216,30.321,0.39001
6.559,7.3,0.52,4.07,22.553,0.39474
6.573,5.9,0.5,3.95,11.643,0.41343
6.608,5.8,0.46331,3.9724,6.354,0.44725
6.646,5.9,0.41791,4.1657,8.17,0.48428
6.614,6.8,0.36685,4.3897,14.344,0.31845
6.428,4.8,0.3132,4.5045,13.757,0.25231
6.162,4.9,0.26,4.37,10.875,0.23586
5.956,4.9,0.22,4,5.476,0.22074
5.87,6.5,0.22,3.79,7.333,0.22793
5.885,6.6,0.22,3.48,23.508,0.2799
5.967,12.9,0.23663,3.1308,28.358,0.35347
6.08,10.8,0.28,3.16,30.903,0.37707
6.175,12,0.34,3.63,27.122,0.43632
6.26,11.7,0.38,3.58,16.773,0.46625
6.405,12.8,0.42,3.73,5.299,0.44725
6.576,11.6,0.42,3.8,7.223,0.53239
6.723,9.5,0.45,3.65,9.606,0.42723
6.722,9.1,0.47,3.65,14.758,0.35206
6.569,9,0.46,3.47,14.168,0.29267
6.43,8.5,0.48,3.45,8.603,0.23507
6.376,6.4,0.5,4.04,3.352,0.18232
6.347,5.2,0.42,3.53,11.514,0.25154
6.304,4.5,0.45,4.09,21.482,0.23823
6.259,3.6,0.44,3.8,25.268,0.31481
6.312,3.5,0.4,4.75,23.259,0.34925
6.298,2.9,0.36,4.72,18.991,0.38526
6.299,2.1,0.35,4.33,5.874,0.37225
6.354,2,0.38,3.83,7.806,0.45869
6.377,1.5,0.33395,3.7853,8.848,0.39676
6.31,1.2,0.26,3.92,12.688,0.27915
6.131,1.2,0.23,4.05,12.044,0.21753
5.932,1.8,0.2,4.82,7.474,0.17563
5.859,0.7,0.13935,5.0081,3.929,0.14756
5.966,0.2,0.19,4.2,14.024,0.2135
6.106,1.6,0.45,2.9,29.91,0.20864
6.207,1.6,0.77,3.14,33.929,0.35907
6.373,1.8,1.21,4.45,33.068,0.44597
6.394,1.2,1.54,5.11,32.333,0.57942
6.719,1.2,1.71,5.58,28.628,0.62808
6.869,0.3,1.92,6.18,29.545,0.70112
7.01,0.7,1.71,6.51,25.078,0.76825
7.274,1.2,1.61,6.63,30.988,0.68209
7.096,2.7,1.69,7.13,36.39,0.71148
6.952,4.3,1.6694,7.2276,29.187,0.66834
6.625,4,1.57,6.84,31.722,0.55216
6.681,3.4,1.4953,6.2414,25.039,0.49774
6.435,4,1.51,5.96,24.593,0.61248
6.303,2.7,1.51,6.18,25.708,0.48366
6.361,2.2,1.12,6.02,34.963,0.49592
6.289,3,0.98953,6.1131,34.236,0.60103
6.333,3.4,1.04,6.3,24.767,0.57041
6.373,2.9,0.99266,6.2183,17.419,0.56588
6.428,3.1,0.86064,6.0516,17.829,0.74621
6.433,2.6,0.73,6.12,18.168,0.71099
6.401,3,0.66467,6.5769,21.928,0.54928
6.177,3.2,0.64,6.91,21.913,0.62967
5.988,3.6,0.61726,6.5951,14.717,0.53298
5.909,5.1,0.59002,5.7273,13.802,0.70804
5.875,3.9,0.55989,4.5566,15.234,0.38049
5.88,3,0.52852,3.333,27.931,0.24295
5.991,2.7,0.49753,2.3065,30.208,0.44019
6.075,5.7,0.46856,1.7269,26.393,0.48489
6.183,2.9,0.44322,1.8444,17.984,0.4434
6.309,1.9,0.42316,2.9087,7.905,0.41012
6.458,2.2,0.41,5.17,9.964,0.5487
6.581,1.6,0.4,7.4,11.62,0.53415
6.625,2.8,0.38,5.93,15.413,0.40079
6.485,2.8,0.37,6.22,16.379,0.26313
6.32,2.2,0.36,5.75,11.283,0.3981
6.254,2.1,0.34,5.02,6.556,0.54985
6.229,2.1,0.35593,4.5887,8.801,0.62219
6.189,0.3,0.36,4.36,20.513,0.41805
6.193,1.4,0.33,4.4,27.768,0.35206
6.243,1.1,0.36,4.73,26.264,0.38866
6.26,2,0.31,4.08,20.903,0.35977
6.29,2.4,0.32,5.78,9.958,0.34288
6.373,2.5,0.32,4.58,7.206,0.39407
6.488,2.3,0.31,4.95,9.31,0.46687
6.525,1.2,0.28,4.8,11.744,0.31408
6.418,2.2,0.29,4.4,11.264,0.24764
6.274,2,0.28,4.47,8.732,0.20131
6.185,1.5,0.27,4.18,4.521,0.17647
6.209,2.4,0.29,4.56,10.033,0.24059
6.282,2.4,0.3,4.16,22.283,0.1689
6.381,1.6,0.3,4.3,28.289,0.28968
6.494,2.2,0.25,4.3,28.131,0.3257
6.601,2.2,0.25,4.73,21.815,0.27003
6.739,2.2,0.24,4.73,11.178,0.29267
6.927,2,0.23,4.35,4.878,0.34075
7.097,1.6,0.22923,3.946,10.321,0.42199
7.171,0.9,0.23,4.1,10.811,0.31481
7.097,0.8,0.2254,5.0573,14.722,0.2135
6.924,0.9,0.22,5.45,11.166,0.16636
6.768,0.7,0.21,4.85,7.03,0.10526
6.679,1.7,0.17,6.38,8.46,0.091667
6.63,2,0.15,7.34,10.291,0.14497
6.607,2.8,0.17,5.58,22.372,0.14756
6.589,1.7,0.17,4.97,27.28,0.19967
6.597,2.5,0.18,4.87,24.298,0.25076
6.603,2.5,0.17646,4.4659,17.927,0.26159
6.662,4,0.16,4.7,4.517,0.20783
6.761,3.4,0.15,5.98,6.151,0.32136
6.831,3.4,0.16,6.55,6.691,0.30158
6.779,3.7,0.13,7.28,10.368,0.17982
6.637,3.3,0.12,5.08,9.71,0.089841
6.478,2.1,0.11893,6.0861,8.143,-0.0090407
6.416,2.1,0.12,7.54,2.6,-0.041864
6.429,4,0.12,6.17,10.133,0.04879
6.473,6,0.12,6.27,20.873,0.039221
6.532,4.2,0.16,5.12,25.816,0.1415
6.601,3.9,0.14,4.53,23.387,0.18482
6.681,3.3,0.14081,4.7284,18.283,0.15444
6.791,2,0.16,5.12,7.346,0.10706
6.914,3,0.16526,5.265,6.135,0.19967
7.008,1.8,0.15759,5.2439,6.428,0.2492
6.996,1.5,0.14629,5.2673,15.382,0.14669
6.845,1.1,0.14066,5.5458,15.493,0.08526
6.646,1.6,0.15,6.29,11.003,0.016857
6.495,1.1,0.16,7.21,6.495,0.012916
6.415,1.7,0.12,7.06,4.829,0.030529
6.375,1.3,0.13,6.97,16.121,0.09349
6.365,1.6,0.14,5.34,25.886,0.0059821
6.365,2.1,0.14108,4.4215,26.028,0.15186
6.395,2,0.14,5.3,22.368,0.12133
6.452,2.2,0.14,7.18,13.657,0.074179
6.524,4,0.14154,6.1586,3.472,0.032467
6.618,3.3,0.15,4.29,5.978,0.19885
6.693,1.9,0.17,4.06,10.009,0.15444
6.654,4.3,0.2,3.77,10.739,0.021761
6.511,2.6,0.26,4.52,10.687,0.0009995
6.386,2.5,0.38996,5.2767,7.9,-0.040822
6.356,1.6,0.51,5.31,7.571,0.05638
6.373,1.3,0.57,4.65,12.356,0.16127
6.398,3.1,0.66,4.47,21.115,-0.0070246
6.469,6.9,0.65,4.33,24.353,0.062035
6.54,7.1,0.76,4.85,23.375,0.13628
6.669,9.3,0.76,5.25,16.792,0.10975
6.727,10.7,0.75,6.02,11.138,0.11778
6.799,9,0.76609,6.2101,12.759,0.30822
6.881,10.8,0.76,6.14,13.696,0.31918
6.79,10.9,0.75,6.42,17.503,0.22074
6.654,10.6,0.84,6.77,18.144,0.34359
6.377,7.4,0.68,6.75,16.388,0.34288
6.283,7,0.72,7.27,16.551,0.27308
6.135,5.3,0.68,7.08,13.428,0.62967
6.079,4.7,0.68,6.76,17.415,0.49774
6.007,4.7,0.65,6.05,23.063,0.16974
6.039,3.9,0.61973,5.6062,28.154,0.14842
6.026,3.2,0.61,5.96,25.43,0.16974
6.054,3.1,0.63,6.7,17.828,0.2135
6.214,0.8,0.66,5.97,10.623,0.14237
6.313,0.8,0.59,6.27,14.599,0.24842
6.435,2,0.56,5.59,17.376,0.33289
6.48,2.9,0.49,5.9,13.128,0.16212
6.42,2.8,0.47,5.39,11.317,0.042101
6.342,3.3,0.45,6.86,10.093,0.0029955
6.29,4.9,0.4,6.72,7.789,0.0099503
6.328,4.5,0.33,5.48,6.043,0.13628
6.339,3.3,0.37,4.77,12.123,0.10706
6.378,3.5,0.5,3.91,16.666,0.018822
6.432,4.9,0.66,3.97,16.958,-0.077962
6.51,3.3,0.86,4.28,11.893,-0.044997
6.626,4.3,0.91,4.41,10.522,0.0029955
6.701,4.8,1.28,4.66,13.513,0.17311
6.686,5.5,1.32,5.2,20.365,0.022739
6.654,3.8,1.4,4.42,18.1,0.16721
6.571,5.8,1.18,4.69,22.941,0.27536
6.448,5.4,1.12,4.88,21.156,0.39407
6.204,4.4,1.0846,4.9662,15.852,0.40879
6.159,3.2,0.99,4.96,15.303,0.55733
6.11,1.5,0.86642,4.8322,18.693,0.63127
6.151,1.2,0.89,5.03,20.34,0.58667
6.129,2.1,1.09,5.58,29.272,0.36325
6.177,4.5,1.04,5.36,28.983,0.23744
6.288,4.7,1.06,5.71,25.982,0.17311
6.399,6.9,1.04,5.62,18.517,0.17647
6.476,4.1,0.92,5.87,14.192,0.30528
6.592,4.3,1.01,6.41,16.111,0.53063
6.574,4.2,0.91,6.88,16.478,0.35206
6.573,3.9,0.90163,6.2518,16.181,0.15871
6.456,5.9,0.88,5.63,19.038,0.10616
6.356,4.9,0.71,5.87,14.89,0.18897
6.402,5.3,0.65,5.42,11.733,-0.027371
6.383,6.2,0.61,5.52,10.904,0.018822
6.343,6.1,0.7,5.86,12.291,-0.11317
6.305,5.6,0.6,5.63,16.361,-0.05975
6.298,8.1,0.61,5.51,16.263,-0.015114
6.292,5.7,0.57663,5.264,12.695,0.072321
6.325,6.5,0.52,4.9,14.533,0.21753
6.28,6.1,0.5232,4.5505,44.362,0.18648
6.175,5.3,0.54663,4.2103,26.251,-0.054456
6.004,5.1,0.52,3.84,30.813,0.026642
5.737,4.5,0.43,3.69,19.931,0.43761
5.474,7.6,0.4,4.28,18.326,0.39204
5.296,6.7,0.32,4.04,6.72,0.36047
5.213,7,0.26,4.51,16.378,0.38594
5.195,11.4,0.24,5.28,27.18,0.20212
5.295,11,0.22,4.87,32.634,0.044973
5.402,14.3,0.26,3.89,28.418,0.088011
5.509,6.2,0.23,3.77,20.367,0.076035
5.677,11.4,0.23,3.4,23.978,0.029559
5.896,10.1,0.26559,3.1192,5.563,0.12399
6.109,12,0.28,3.15,6.839,0.14756
6.28,11.6,0.25,3.43,6.903,0.11778
6.372,12,0.26,3.54,10.112,-0.017146
6.399,8.6,0.28,3.4,11.993,-0.072571
6.407,7.7,0.32,3.47,5.613,-0.028399
6.461,7.7,0.36,2.98,14.27,-0.057629
6.54,5.4,0.38,3.3,11.516,-0.04814
6.628,3.6,0.43,3.15,14.838,-0.093212
6.687,1.8,0.48,3.3,17.518,-0.13926
6.731,1,0.56,3.57,17.608,-0.093212
6.784,1.3,0.6,4.17,9.9,-0.092115
6.834,1.7,0.68,4.69,4.769,0.0009995
6.854,3.1,0.6,4.15,17.675,0.025668
6.807,3.4,0.65,3.83,13.413,-0.11766
6.662,3.9,0.47,3.97,16.353,-0.14734
6.446,4.3,0.44,3.98,17.958,-0.019183
6.263,4.4,0.38,3.9,13.698,0.072321
6.135,4.5,0.33522,3.6136,5.259,0.12399
6.141,4.6,0.43,3.53,24.464,0.21026
6.203,5.1,0.73,4.04,17.983,0.062975
6.282,4.5,1.14,4.8,27.588,-0.018164
6.353,3.9,1.593,5.4025,31.336,0.10975
6.451,4.4,1.86,5.88,32.208,0.21753
6.58,4.2,1.78,6.14,22.42,0.27155
6.696,4.6,1.67,5.7,17.84,0.44019
6.976,5.3,1.77,5.6,25.437,0.42983
6.868,6.7,1.61,5.59,25.888,0.33002
6.968,6,1.4,5.07,21.55,0.43243
6.794,6.7,1.22,4.8,23.69,0.48057
6.728,6,0.95,4.09,25.608,0.45108
6.751,6.7,0.89,4.47,21.798,0.37225
6.763,7.3,0.73,4.83,8.694,0.58612
6.757,9,0.60728,4.4362,14.478,0.44597
6.666,9.8,0.58,4.22,17.121,0.34288
6.641,7.9,0.59,4.73,19.782,0.26313
6.575,6.6,0.5,4.69,15.41,0.2135
6.555,5.3,0.49,5.28,11.028,0.28292
6.49,6.6,0.49,5.04,9.54,0.42788
6.412,6.9,0.47,5.59,9.321,0.38254
6.177,5,0.44,5.17,12.398,0.32786
5.882,3.1,0.46,4.75,12.293,0.37432
5.61,2.2,0.49,4.8,7.073,0.49164
5.443,3.3,0.51,4.04,8.769,0.60486
5.376,3.6,0.58162,3.8282,17.877,0.32642
5.411,2.8,0.59,3.98,25.819,0.34217
5.542,2.5,0.47,3.95,30.676,0.28518
5.681,5,0.44,4.09,26.458,0.22873
5.808,7.7,0.4,4.28,23.602,0.17982
5.965,8.6,0.39,4.22,13.782,0.17479
6.162,10.5,0.4,4,4.792,0.22952
6.371,12,0.45,3.76,11.827,0.24451
6.512,14.2,0.44,4.9,8.367,0.18149
6.536,14.1,0.38,4.39,14.418,0.16974
6.475,15.3,0.43,4.31,9.502,0.19639
6.442,12.4,0.43002,4.6614,7.864,0.18565
6.497,12.2,0.46,4.58,5.723,0.17898
6.559,11.7,0.57,4,12.448,0.31554
6.559,10.6,0.51,4.32,21.127,0.18399
6.579,10.5,0.5,3.4,26.408,0.21833
6.627,9.5,0.49,3.75,20.898,0.15272
6.661,7.4,0.46,3.97,13.774,0.11689
6.7,6.4,0.49,4.01,7.05,0.16467
6.728,4.7,0.42,4.17,11.838,0.20864
6.708,4.2,0.34,4.91,11.101,0.16551
6.553,3.9,0.34,4.86,13.536,0.18482
6.306,2.3,0.35865,4.5567,11.689,0.17898
6.114,2,0.35,4.49,6.017,0.17815
6.069,3.6,0.32,4.92,5.643,0.26313
6.071,4.6,0.35,5.42,16.923,0.2799
6.181,3.8,0.33,4.58,29.08,0.21914
6.328,3.2,0.34,4.29,30.669,0.22634
6.457,3.7,0.30694,4.8734,25.336,0.13628
6.589,5,0.28,5.46,17.949,0.11867
6.784,3.8,0.33,5.25,6.918,0.09894
7.033,3.5,0.43071,4.3934,10.376,0.21672
7.256,3.4,0.57,3.69,11.497,0.16297
7.336,2.2,0.7514,3.7781,17.188,0.18315
7.269,0.9,1,4.21,21.043,0.23744
7.256,1.2,1.32,4.6,23.013,0.31262
7.335,3.3,1.83,5.67,41.008,0.45742
7.471,5.8,2.77,7.21,41.191,0.45298
7.439,5.7,2.66,7.77,53.872,0.49164
7.505,4.5,2.61,7.44,49.539,0.43502
7.428,4.9,2.65,7.26,43.231,0.55331
7.252,5.4,3.04,7.32,51.561,0.54985
7.08,5.8,2.59,7.56,47.517,0.6065
7.354,5.6,2.3356,8.0173,45.726,0.75518
7.265,8.1,2.3811,8.3898,34.269,0.69515
7.15,5.1,2.39,8.28,58.673,0.74479
6.567,4.6,2.1529,7.6051,51.208,0.88004
6.415,4.6,1.97,7.54,38.558,0.76686
6.281,5.8,1.98,8.34,32.302,0.88087
6.111,5.1,1.61,7.44,30.799,1.0145
6.168,6.3,1.47,7.43,32.539,0.80558
5.976,5.9,1.46,6.61,44.318,0.76872
6.112,6.9,1.4,6.81,41.197,0.67549
6.32,6,1.21,5.83,37.347,0.52414
6.47,4.6,1.22,5.94,28.744,0.55274
6.631,1.3,1.1164,6.0638,19.427,0.55675
6.768,4.1,0.97,6.01,18.002,0.70606
7.011,4.6,0.93985,6.1037,18.245,0.63074
7.037,4.4,0.91,6.37,25.008,0.53063
6.844,1.5,0.78,6.5,21.728,0.48057
6.686,1.7,0.72,5.9,17.835,0.6238
6.577,0.6,0.71,5.7,15.024,0.64501
6.579,0.5,0.66,5.08,14.263,0.67702
6.545,1.8,0.61,5.74,14.669,0.64501
6.433,1.2,0.59,4.87,25.316,0.55618
6.451,1.9,0.51,5.3,27.808,0.36672
6.417,3.4,0.48,5,22.85,0.42265
6.411,3.3,0.47,4.88,10.453,0.52058
6.388,3.7,0.42,4.88,12.401,0.56758
6.371,6.6,0.39,4.97,13.703,0.42199
6.28,7.3,0.34,5.42,13.508,0.31042
6.008,8.8,0.32615,5.6853,19.68,0.50078
5.725,9.4,0.31,5.24,14.628,0.64501
5.493,10.7,0.27,4.16,5.998,0.65024
5.412,8.9,0.3,3.87,12.287,0.71148
5.441,9.8,0.28,3.63,28.43,0.66011
5.536,10.6,0.31,3.58,33.102,0.51163
5.661,10.6,0.3,3.45,31.936,0.49835
5.771,12.8,0.3,3.13,25.603,0.50682
5.881,11.5,0.35,3.09,16.903,0.48797
6.066,11,0.39,3.04,5.451,0.49409
6.296,11.9,0.33,3.11,12.352,0.52414
6.454,12.2,0.31,3.06,13.031,0.43308
6.474,10.7,0.29,3.19,14.598,0.33218
6.355,8.9,0.32,3.22,12.654,0.39474
6.266,9.5,0.34,3.01,10.228,0.41673
6.29,8.3,0.38,2.77,3.172,0.40146
6.377,7.6,0.32,3.49,13.087,0.46185
6.387,8.7,0.28,3.39,25.608,0.40279
6.418,8.8,0.26,3.88,31.368,0.38662
6.488,7.6,0.22,4.46,27.106,0.42331
6.517,10.6,0.23,4.23,17.088,0.39676
6.577,9.5,0.2,5,4.938,0.36811
6.671,8.6,0.23,6.15,10.343,0.4781
6.738,7.3,0.18,6.14,9.299,0.39272
6.648,7.5,0.16503,5.8295,15.2,0.33361
6.404,5.6,0.19,5.88,11.638,0.35487
6.182,6.1,0.21,6.61,10.204,0.35347
6.111,5.6,0.2,7.46,4.99,0.34572
6.139,4.4,0.18,6.96,14.57,0.39339
6.207,9.1,0.21,5.99,26.493,0.38798
6.33,7.1,0.2,4.41,31.155,0.44725
6.467,4.1,0.2,4.21,30.934,0.44852
6.569,2.3,0.17,5.11,21.503,0.39272
6.737,2.6,0.18,4.48,9.303,0.35627
6.974,2.1,0.32,3.19,6.477,0.44212
7.21,1.2,0.55,3.41,11.2,0.40346
7.3,2,0.91,4.15,22.738,0.32858
7.126,2.9,1.31,5.43,35.191,0.42134
7.15,3.2,1.53,6.09,29.598,0.50561
6.925,6.3,1.615,5.9989,29.589,0.53532
6.885,4.6,1.6,5.77,30.232,0.59443
6.816,4.4,1.62,5.88,29.493,0.69415
6.747,2.8,1.91,5.94,29.76,0.47561
6.956,3.3,1.78,5.92,41.389,0.52058
6.764,4.4,1.81,6.26,38.166,0.55274
6.91,1.2,1.62,5.17,33.407,0.48797
6.901,3.7,1.57,5.35,26.868,0.48243
7.078,3.9,1.6704,5.6014,30.768,0.63763
6.916,4.3,1.67,5.74,22.897,0.56928
6.732,5.7,1.47,6.14,26.316,0.58779
6.53,4.2,1.4808,6.6776,30.293,0.5889
6.253,5.6,1.51,6.61,22.533,0.45869
6.188,5.1,1.32,5.82,21.538,0.59664
6.195,7.4,1.22,5.95,19.25,0.47375
6.222,11.9,1.32,5.44,30.429,0.39407
6.411,14.9,1.26,5.19,38.766,0.53708
6.437,14,1.21,4.73,34.035,0.57098
6.562,12.1,1.37,4.89,30.206,0.39609
6.705,10.7,1.35,5.44,17.628,0.35347
6.887,9.6,1.14,5.16,19.672,0.42723
7.059,8.1,1.03,5.68,19.693,0.37225
7.014,6.5,0.88,4.96,21.278,0.41673
6.826,5.8,0.92,5.4,23.837,0.46499
6.695,3.9,0.88,5.7,18.644,0.45995
6.618,2.5,0.82,4.97,13.74,0.42396
6.619,1.8,0.84,5.13,13.363,0.49409
6.607,3.5,0.81,4.66,15.863,0.43438
6.604,6.4,0.83,4.62,27.766,0.35557
6.57,7.2,0.75,4.75,30.662,0.44916
6.652,7.2,0.72,4.3,26.654,0.36672
6.704,7.1,0.63471,4.3876,14.042,0.27308
6.77,5.9,0.51703,4.8946,8.438,0.3257
6.904,5,0.45,5.24,15.073,0.40547
6.919,4.1,0.45,5.16,13.532,0.27839
6.763,5,0.37,5.17,15.923,0.2662
6.518,4.8,0.3483,4.5407,12.583,0.29788
6.359,5.2,0.38268,3.6395,5.188,0.31918
6.308,3.4,0.41,3.23,5.638,0.28141
6.316,3.7,0.4,3.73,20.497,0.31262
6.374,3.6,0.4,4.3,28.289,0.30675
6.462,5.1,0.34,4.47,30.387,0.41343
6.519,3.1,0.32,4.43,29.348,0.34288
6.593,1.8,0.33,3.92,17.448,0.24295
6.73,1.9,0.3,3.91,3.815,0.2327
